<?xml version="1.0" encoding="UTF-8" ?>
<!DOCTYPE mapper
        PUBLIC "-//mybatis.org//DTD Mapper 3.0//EN"
        "http://mybatis.org/dtd/mybatis-3-mapper.dtd">

<mapper namespace="com.example.fashionNav.repository.NewsMapper">

    <resultMap id="NewsResultMap" type="com.example.fashionNav.model.entity.News">
        <id property="newsId" column="news_id"/>
        <result property="title" column="title"/>
        <result property="content" column="content"/>
        <result property="type" column="type"/>
        <result property="source" column="source"/>
        <result property="author" column="author"/>
        <result property="publishedDate" column="published_date" javaType="java.time.LocalDateTime" jdbcType="TIMESTAMP"/>
        <result property="modifiedDate" column="modified_date" javaType="java.time.LocalDateTime" jdbcType="TIMESTAMP"/>
        <result property="visitCount" column="visit_count"/>
        <result property="likeCount" column="like_count"/>
        <result property="style" column="style"/>
    </resultMap>

    <select id="getAllNews" resultMap="NewsResultMap">
        SELECT * FROM news
    </select>

    <select id="getNewsById" parameterType="int" resultMap="NewsResultMap">
        SELECT * FROM news WHERE news_id = #{newsId}
    </select>

    <insert id="insertNews" parameterType="com.example.fashionNav.model.entity.News">
        INSERT INTO news(news_id, stitle, content, visit_count, like_count, created_at, updated_at, item_id, style)
        VALUES(#{newsId}, #{title}, #{content}, #{visitCount}, #{likeCount}, #{createdAt}, #{updatedAt}, #{itemId}, #{style})
    </insert>

    <update id="updateNews">
        UPDATE news SET title=#{title}, content=#{content} where news_id=#{newsId}
    </update>

    <delete id="deleteNews" parameterType="int">
        DELETE FROM news WHERE news_id=#{newsId}
    </delete>

    <update id="addVisitCount" parameterType="int">
        UPDATE news SET visit_count = visit_count + 1 WHERE news_id = #{newsId}
    </update>

    <update id="addLikeCount" parameterType="int">
        UPDATE news SET like_count = like_count + 1 WHERE news_id = #{newsId}
    </update>
</mapper>